Hospital Name,Location,Specialties
Unity Hospital,Vasai,"General Medicine,General Surgery,Orthopedics"
Dombivli Medical Center,Dombivli,"Internal Medicine,Family Medicine,ENT"
Lotus Children's Hospital,Vasai,"Pediatrics,Neonatology,Pediatric Surgery"
Hope Orthopedic Clinic,Dombivli,"Orthopedics,Sports Medicine,Joint Replacement"
Sunrise Cardiac Care Center,Vasai,"Cardiology,Cardiac Rehabilitation,Heart Disease Prevention"
Dombivli Surgical Center,Dombivli,"General Surgery,Plastic Surgery,Minimally Invasive Surgery"
Grace Women's Health Clinic,Vasai,"OB/GYN,Maternal-Fetal Medicine,Gynecologic Oncology"
Starlight Neurological Institute,Dombivli,"Neurology,Neurosurgery,Stroke Care"
HealWell Clinic,Vasai,"Internal Medicine,Gastroenterology,Endocrinology"
Angel Pediatrics Hospital,Dombivli,"Pediatrics,Allergy and Immunology,Asthma Care"
Rainbow Cancer Center,Vasai,"Oncology,Medical Oncology,Radiation Oncology,Cancer"
Dombivli Eye Care Center,Dombivli,"Ophthalmology,Retina Surgery,Cataract Surgery"
Ocean Orthopedic Hospital,Vasai,"Orthopedics,Spine Surgery,Joint Replacement"
Dombivli Heart Institute,Dombivli,"Cardiology,Interventional Cardiology,Heart Failure Management"
Blossom Pediatrics Clinic,Vasai,"Pediatrics,Adolescent Medicine,Developmental Pediatrics"
HealthPoint General Hospital,Dombivli,"General Medicine,General Surgery,Obstetrics and Gynecology"
Eternal Orthopedic Clinic,Vasai,"Orthopedics,Sports Medicine,Physical Therapy"
Dombivli Child Psychiatry Center,Dombivli,"Psychiatry,Child and Adolescent Psychiatry,Developmental Disorders"
Sunrise Dental Care,Vasai,"Dentistry,Orthodontics,Oral Surgery"
Serenity Maternity Hospital,Dombivli,"OB/GYN,Prenatal Care,Women's Wellness"
Sunset Skin Care Clinic,Vasai,"Dermatology,Acne Treatment,Skin Cancer Screening"
Dombivli Family Wellness Center,Dombivli,"Family Medicine,Primary Care,Preventive Care"
Evergreen Gastrointestinal Center,Vasai,"Gastroenterology,Colonoscopy,IBD Management"
Divine Cardiac Center,Dombivli,"Cardiology,Electrophysiology,Heart Rhythm Disorders"
Vasai Mental Health Institute,Vasai,"Psychiatry,Psychotherapy,Psychopharmacology"
Dombivli Cancer Care Center,Dombivli,"Oncology,Surgical Oncology,Chemotherapy"
Heavenly Pediatrics Clinic,Vasai,"Pediatrics,Primary Care,Immunizations"
Dombivli Orthopedic Surgery Center,Dombivli,"Orthopedics,Orthopedic Surgery,Joint Reconstruction"
Vasai Endocrinology Clinic,Vasai,"Endocrinology,Thyroid Disorders,Diabetes Management"
Dombivli Gastrointestinal Clinic,Dombivli,"Gastroenterology,Liver Disease Management,ERCP"
Sunrise Psychiatry Center,Vasai,"Psychiatry,Addiction Psychiatry,Trauma Therapy"
Dombivli Cancer Institute,Dombivli,"Oncology,Hematology,Bone Marrow Transplant"
Vasai Family Medicine Clinic,Vasai,"Family Medicine,Chronic Disease Management,Preventive Care"
Dombivli Surgical Specialists,Dombivli,"General Surgery,Bariatric Surgery,Hernia Repair"
Rainbow Pediatrics Hospital,Vasai,"Pediatrics,Neonatology,Pediatric Surgery"
Dombivli Mental Health Center,Dombivli,"Psychiatry,Anxiety Disorders,Depression Treatment"
Sunshine Orthopedic Center,Vasai,"Orthopedics,Sports Medicine,Joint Replacement"
Dombivli Women's Health Center,Dombivli,"OB/GYN,Reproductive Endocrinology,Infertility"
Vasai Cancer Care Center,Vasai,"Oncology,Medical Oncology,Radiation Oncology,Cancer"
Dombivli Eye Clinic,Dombivli,"Ophthalmology,LASIK Surgery,Glaucoma Treatment"
HealWell Endocrinology Clinic,Vasai,"Endocrinology,Diabetes Management,Thyroid Disorders"
Dombivli Gastrointestinal Specialists,Dombivli,"Gastroenterology,Colonoscopy,GERD Treatment"
Sunrise Dental Specialists,Vasai,"Dentistry,Orthodontics,Oral Surgery"
Dombivli Women's Wellness Center,Dombivli,"OB/GYN,Prenatal Care,Women's Wellness"
Vasai Mental Health Clinic,Vasai,"Psychiatry,Psychotherapy,Psychopharmacology"
Dombivli Cancer Specialists,Dombivli,"Oncology,Surgical Oncology,Chemotherapy"


Vasai Advanced Cardiac Center,Vasai,"Cardiology,Interventional Cardiology,Heart Rhythm Disorders"
Dombivli Children's Hospital,Dombivli,"Pediatrics,Adolescent Medicine,Developmental Pediatrics"
Sunrise Neurological Institute,Vasai,"Neurology,Neurosurgery,Stroke Care"
Dombivli Medical Specialists,Dombivli,"Internal Medicine,Family Medicine,Diabetes Management"
Vasai Cancer Treatment Center,Vasai,"Oncology,Medical Oncology,Radiation Oncology,Cancer"
Dombivli Orthopedic Care Center,Dombivli,"Orthopedics,Spine Surgery,Joint Replacement"
Sunrise Women's Health Clinic,Vasai,"OB/GYN,Maternal-Fetal Medicine,Gynecologic Oncology"
Dombivli Psychiatry Clinic,Dombivli,"Psychiatry,Addiction Psychiatry,Trauma Therapy"
Vasai Pediatric Surgery Center,Vasai,"Pediatrics,Neonatology,Pediatric Surgery"
Dombivli Surgical Specialists,Dombivli,"General Surgery,Bariatric Surgery,Hernia Repair"
Sunshine Orthopedic Hospital,Vasai,"Orthopedics,Sports Medicine,Physical Therapy"
Dombivli Eye Care Center,Dombivli,"Ophthalmology,Retina Surgery,Cataract Surgery"
Vasai Cardiology Clinic,Vasai,"Cardiology,Electrophysiology,Heart Failure Management"
Dombivli Mental Health Institute,Dombivli,"Psychiatry,Psychotherapy,Psychopharmacology"
Vasai Cancer Care Center,Vasai,"Oncology,Surgical Oncology,Chemotherapy"
Dombivli Family Medicine Clinic,Dombivli,"Family Medicine,Primary Care,Preventive Care"
Vasai Dermatology Center,Vasai,"Dermatology,Acne Treatment,Skin Cancer Screening"
Dombivli Neurological Clinic,Dombivli,"Neurology,Epilepsy,Headache Management"
Vasai Gastrointestinal Center,Vasai,"Gastroenterology,Colonoscopy,IBD Management"
Dombivli Heart Institute,Dombivli,"Cardiology,Cardiac Rehabilitation,Heart Disease Prevention"
Vasai Orthopedic Surgery Center,Vasai,"Orthopedics,Orthopedic Surgery,Joint Reconstruction"
Dombivli Women's Health Center,Dombivli,"OB/GYN,Prenatal Care,Women's Wellness"
Vasai Mental Health Clinic,Vasai,"Psychiatry,Anxiety Disorders,Depression Treatment"
Dombivli Cancer Institute,Dombivli,"Oncology,Hematology,Bone Marrow Transplant"
Vasai Eye Clinic,Vasai,"Ophthalmology,LASIK Surgery,Glaucoma Treatment"
Dombivli Endocrinology Specialists,Dombivli,"Endocrinology,Thyroid Disorders,Diabetes Management"
Vasai Gastrointestinal Specialists,Vasai,"Gastroenterology,Liver Disease Management,ERCP"
Dombivli Child Psychiatry Center,Dombivli,"Psychiatry,Child and Adolescent Psychiatry,Developmental Disorders"
Vasai Cancer Specialists,Vasai,"Oncology,Surgical Oncology,Chemotherapy"
Dombivli Dental Care Center,Dombivli,"Dentistry,Orthodontics,Oral Surgery"
Vasai Women's Wellness Clinic,Vasai,"OB/GYN,Prenatal Care,Women's Wellness"
Dombivli Mental Health Clinic,Dombivli,"Psychiatry,Psychotherapy,Psychopharmacology"
Vasai Cancer Care Institute,Vasai,"Oncology,Medical Oncology,Radiation Oncology,Cancer"
Dombivli Orthopedic Specialists,Dombivli,"Orthopedics,Spine Surgery,Joint Replacement"
Vasai Heart Center,Vasai,"Cardiology,Interventional Cardiology,Heart Rhythm Disorders"
Dombivli Pediatrics Hospital,Dombivli,"Pediatrics,Neonatology,Pediatric Surgery"
Vasai Neurological Institute,Vasai,"Neurology,Neurosurgery,Stroke Care"
Dombivli Internal Medicine Clinic,Dombivli,"Internal Medicine,Primary Care,Chronic Disease Management"
Vasai Dermatology Clinic,Vasai,"Dermatology,Acne Treatment,Skin Cancer Screening"
Dombivli Gastrointestinal Specialists,Dombivli,"Gastroenterology,Colonoscopy,IBD Management"
Vasai Heart Institute,Vasai,"Cardiology,Cardiac Rehabilitation,Heart Disease Prevention"
Dombivli Orthopedic Surgery Center,Dombivli,"Orthopedics,Orthopedic Surgery,Joint Reconstruction"
Vasai Mental Health Institute,Vasai,"Psychiatry,Anxiety Disorders,Depression Treatment"
Dombivli Cancer Care Center,Dombivli,"Oncology,Hematology,Bone Marrow Transplant"
Vasai Eye Care Center,Vasai,"Ophthalmology,LASIK Surgery,Glaucoma Treatment"
Dombivli Endocrinology Clinic,Dombivli,"Endocrinology,Thyroid Disorders,Diabetes Management"
Vasai Gastrointestinal Clinic,Vasai,"Gastroenterology,Liver Disease Management,ERCP"
Dombivli Pediatric Psychiatry Center,Dombivli,"Psychiatry,Child and Adolescent Psychiatry,Developmental Disorders"
Vasai Cancer Specialists,Vasai,"Oncology,Surgical Oncology,Chemotherapy"
Dombivli Dental Specialists,Dombivli,"Dentistry,Orthodontics,Oral Surgery"
Vasai Women's Health Center,Vasai,"OB/GYN,Prenatal Care,Women's Wellness"
Dombivli Mental Health Clinic,Dombivli,"Psychiatry,Psychotherapy,Psychopharmacology"
Vasai Cancer Care Institute,Vasai,"Oncology,Medical Oncology,Radiation Oncology,Cancer"
Dombivli Orthopedic Specialists,Dombivli,"Orthopedics,Spine Surgery,Joint Replacement"
Vasai Heart Center,Vasai,"Cardiology,Interventional Cardiology,Heart Rhythm Disorders"
Dombivli Pediatrics Hospital,Dombivli,"Pediatrics,Neonatology,Pediatric Surgery"
Vasai Neurological Institute,Vasai,"Neurology,Neurosurgery,Stroke Care"
Dombivli Internal Medicine Clinic,Dombivli,"Internal Medicine,Primary Care,Chronic Disease Management"
Vasai Dermatology Clinic,Vasai,"Dermatology,Acne Treatment,Skin Cancer Screening"
Dombivli Gastrointestinal Specialists,Dombivli,"Gastroenterology,Colonoscopy,IBD Management"
Vasai Heart Institute,Vasai,"Cardiology,Cardiac Rehabilitation,Heart Disease Prevention"
Dombivli Orthopedic Surgery Center,Dombivli,"Orthopedics,Orthopedic Surgery,Joint Reconstruction"
Vasai Mental Health Institute,Vasai,"Psychiatry,Anxiety Disorders,Depression Treatment"
Dombivli Cancer Care Center,Dombivli,"Oncology,Hematology,Bone Marrow Transplant"
Vasai Eye Care Center,Vasai,"Ophthalmology,LASIK Surgery,Glaucoma"
Ishaan Urology and Kidney Care Hospital,Vasai,"kidney,stone,kidney stone,urinary tract infection"





